target_class,retention_fraction,fold,model,resampling_seed,original_train_rows,resampled_train_rows,validation_rows,original_target_rows,retained_target_rows,dropped_target_rows,target_share_before,target_share_after,retained_target_source_rows_sha256,accuracy,balanced_accuracy,macro_f1,train_rows_adelie,train_rows_chinstrap,train_rows_gentoo,recall_adelie,recall_chinstrap,recall_gentoo
Chinstrap,1.0,1,logistic_regression,30142,275,275,69,55,55,0,0.2,0.2,29b9fb56129df392bdc85500810dcea2016dc9207b3187f25e2b31ce19fba49a,0.942029,0.897436,0.916157,121,55,99,1.0,0.692308,1.0
Chinstrap,1.0,1,knn,30142,275,275,69,55,55,0,0.2,0.2,29b9fb56129df392bdc85500810dcea2016dc9207b3187f25e2b31ce19fba49a,0.942029,0.909744,0.920694,121,55,99,1.0,0.769231,0.96
Chinstrap,0.75,1,logistic_regression,30143,275,261,69,55,41,14,0.2,0.157088,3a1124f174eb91eceecb6d9108dff7702e0c0386167ae9f171b0385c9ba8f62e,0.956522,0.923077,0.939569,121,41,99,1.0,0.769231,1.0
Chinstrap,0.75,1,knn,30143,275,261,69,55,41,14,0.2,0.157088,3a1124f174eb91eceecb6d9108dff7702e0c0386167ae9f171b0385c9ba8f62e,0.942029,0.909744,0.920694,121,41,99,1.0,0.769231,0.96
Chinstrap,0.5,1,logistic_regression,30144,275,248,69,55,28,27,0.2,0.112903,509f6f01575069d5aefc2fd86e6abd5f1800fc672c6d2c98c608bd400b3d4d42,0.942029,0.897436,0.916157,121,28,99,1.0,0.692308,1.0
Chinstrap,0.5,1,knn,30144,275,248,69,55,28,27,0.2,0.112903,509f6f01575069d5aefc2fd86e6abd5f1800fc672c6d2c98c608bd400b3d4d42,0.942029,0.909744,0.920694,121,28,99,1.0,0.769231,0.96
Chinstrap,0.25,1,logistic_regression,30145,275,234,69,55,14,41,0.2,0.059829,3e7c7af9cbb92984b6a3711a0ef4dbc166d91db9136146427d4e5233e6a48f70,0.913043,0.846154,0.864892,121,14,99,1.0,0.538462,1.0
Chinstrap,0.25,1,knn,30145,275,234,69,55,14,41,0.2,0.059829,3e7c7af9cbb92984b6a3711a0ef4dbc166d91db9136146427d4e5233e6a48f70,0.942029,0.897436,0.916157,121,14,99,1.0,0.692308,1.0
Chinstrap,1.0,2,logistic_regression,30242,275,275,69,54,54,0,0.196364,0.196364,7a8f3965a5191ed86a0a7b4a33d30a9195cf122cbf8508ad253b16b202c2a485,0.985507,0.986111,0.981414,121,54,100,1.0,1.0,0.958333
Chinstrap,1.0,2,knn,30242,275,275,69,54,54,0,0.196364,0.196364,7a8f3965a5191ed86a0a7b4a33d30a9195cf122cbf8508ad253b16b202c2a485,0.971014,0.975358,0.970661,121,54,100,0.967742,1.0,0.958333
Chinstrap,0.75,2,logistic_regression,30243,275,261,69,54,40,14,0.196364,0.153257,cee76b2813f071047f5f5722939ed65ed7f558b49694268b7ae78f266a0bf24f,0.971014,0.962302,0.970145,121,40,100,1.0,0.928571,0.958333
Chinstrap,0.75,2,knn,30243,275,261,69,54,40,14,0.196364,0.153257,cee76b2813f071047f5f5722939ed65ed7f558b49694268b7ae78f266a0bf24f,0.985507,0.986111,0.987617,121,40,100,1.0,1.0,0.958333
Chinstrap,0.5,2,logistic_regression,30244,275,248,69,54,27,27,0.196364,0.108871,1548c920f6fb4e47e50fcf9a6f6df8252c5e2ba3967df62a0fc89722e0c7d6b9,0.942029,0.914683,0.929175,121,27,100,1.0,0.785714,0.958333
Chinstrap,0.5,2,knn,30244,275,248,69,54,27,27,0.196364,0.108871,1548c920f6fb4e47e50fcf9a6f6df8252c5e2ba3967df62a0fc89722e0c7d6b9,0.985507,0.986111,0.987617,121,27,100,1.0,1.0,0.958333
Chinstrap,0.25,2,logistic_regression,30245,275,235,69,54,14,40,0.196364,0.059574,d72c04ac404b17c471738f2b289bc7d4d27f79e8d6eb832cbaf0023b428d082a,0.898551,0.843254,0.861027,121,14,100,1.0,0.571429,0.958333
Chinstrap,0.25,2,knn,30245,275,235,69,54,14,40,0.196364,0.059574,d72c04ac404b17c471738f2b289bc7d4d27f79e8d6eb832cbaf0023b428d082a,0.927536,0.890873,0.907361,121,14,100,1.0,0.714286,0.958333
Chinstrap,1.0,3,logistic_regression,30342,275,275,69,54,54,0,0.196364,0.196364,8008432879dae78df63a72f9abe5eca36a74f0415acddf633bf268c5c2e9ab5b,0.956522,0.94127,0.94657,122,54,99,0.966667,0.857143,1.0
Chinstrap,1.0,3,knn,30342,275,275,69,54,54,0,0.196364,0.196364,8008432879dae78df63a72f9abe5eca36a74f0415acddf633bf268c5c2e9ab5b,0.956522,0.94127,0.94657,122,54,99,0.966667,0.857143,1.0
Chinstrap,0.75,3,logistic_regression,30343,275,261,69,54,40,14,0.196364,0.153257,be802bcf7086419908ccf172b282ddc9ce43221159160a024df59c44b93d5a80,0.971014,0.952381,0.963606,122,40,99,1.0,0.857143,1.0
Chinstrap,0.75,3,knn,30343,275,261,69,54,40,14,0.196364,0.153257,be802bcf7086419908ccf172b282ddc9ce43221159160a024df59c44b93d5a80,0.956522,0.94127,0.94657,122,40,99,0.966667,0.857143,1.0
Chinstrap,0.5,3,logistic_regression,30344,275,248,69,54,27,27,0.196364,0.108871,7b68b6a9a1a598fc3114155ec0e0a191bcc02f075f7c0768c64a848709313216,0.956522,0.928571,0.944127,122,27,99,1.0,0.785714,1.0
Chinstrap,0.5,3,knn,30344,275,248,69,54,27,27,0.196364,0.108871,7b68b6a9a1a598fc3114155ec0e0a191bcc02f075f7c0768c64a848709313216,0.942029,0.91746,0.925789,122,27,99,0.966667,0.785714,1.0
Chinstrap,0.25,3,logistic_regression,30345,275,235,69,54,14,40,0.196364,0.059574,51d409f119c79ca12a4158a53fe06032a90348d673fe38d740a5a6c68104135d,0.913043,0.857143,0.87435,122,14,99,1.0,0.571429,1.0
Chinstrap,0.25,3,knn,30345,275,235,69,54,14,40,0.196364,0.059574,51d409f119c79ca12a4158a53fe06032a90348d673fe38d740a5a6c68104135d,0.942029,0.904762,0.922035,122,14,99,1.0,0.714286,1.0
Chinstrap,1.0,4,logistic_regression,30442,275,275,69,54,54,0,0.196364,0.196364,e9d30be7aa1221b1377464dfacded9517d48ef230fc5e97bd82a4645b6f3fb0b,0.884058,0.858095,0.856905,122,54,99,0.9,0.714286,0.96
Chinstrap,1.0,4,knn,30442,275,275,69,54,54,0,0.196364,0.196364,e9d30be7aa1221b1377464dfacded9517d48ef230fc5e97bd82a4645b6f3fb0b,0.971014,0.965079,0.965079,122,54,99,0.966667,0.928571,1.0
Chinstrap,0.75,4,logistic_regression,30443,275,261,69,54,40,14,0.196364,0.153257,6489d9e0112f50cd2e6b3dbb367dce38b43ddf89d7da8a23190e59c22d02d15a,0.884058,0.858095,0.856905,122,40,99,0.9,0.714286,0.96
Chinstrap,0.75,4,knn,30443,275,261,69,54,40,14,0.196364,0.153257,6489d9e0112f50cd2e6b3dbb367dce38b43ddf89d7da8a23190e59c22d02d15a,0.942029,0.91746,0.925789,122,40,99,0.966667,0.785714,1.0
Chinstrap,0.5,4,logistic_regression,30444,275,248,69,54,27,27,0.196364,0.108871,d67fb9eb15eff75768e1159fe13af0314d398f141e72927fd5553ec5a70d10cc,0.927536,0.893651,0.904119,122,27,99,0.966667,0.714286,1.0
Chinstrap,0.5,4,knn,30444,275,248,69,54,27,27,0.196364,0.108871,d67fb9eb15eff75768e1159fe13af0314d398f141e72927fd5553ec5a70d10cc,0.942029,0.904762,0.922035,122,27,99,1.0,0.714286,1.0
Chinstrap,0.25,4,logistic_regression,30445,275,235,69,54,14,40,0.196364,0.059574,73590b912b45a61a0a052d94f70c4dd35d2b5ba2a4fe21a08b6fb81f338a8a83,0.927536,0.880952,0.898843,122,14,99,1.0,0.642857,1.0
Chinstrap,0.25,4,knn,30445,275,235,69,54,14,40,0.196364,0.059574,73590b912b45a61a0a052d94f70c4dd35d2b5ba2a4fe21a08b6fb81f338a8a83,0.927536,0.880952,0.898843,122,14,99,1.0,0.642857,1.0
Chinstrap,1.0,5,logistic_regression,30542,276,276,68,55,55,0,0.199275,0.199275,c9fa109f6f269a143a4c2a23e0e56994e018a6c6fe364fe622bfb00deb3f997d,0.955882,0.935385,0.940392,122,55,99,1.0,0.846154,0.96
Chinstrap,1.0,5,knn,30542,276,276,68,55,55,0,0.199275,0.199275,c9fa109f6f269a143a4c2a23e0e56994e018a6c6fe364fe622bfb00deb3f997d,0.955882,0.947692,0.942555,122,55,99,1.0,0.923077,0.92
Chinstrap,0.75,5,logistic_regression,30543,276,262,68,55,41,14,0.199275,0.156489,a4bd287aaeec860ec1230fc9981a655263a6ee30b95eaa683be9851498c548bb,0.955882,0.935385,0.940392,122,41,99,1.0,0.846154,0.96
Chinstrap,0.75,5,knn,30543,276,262,68,55,41,14,0.199275,0.156489,a4bd287aaeec860ec1230fc9981a655263a6ee30b95eaa683be9851498c548bb,0.955882,0.947692,0.942555,122,41,99,1.0,0.923077,0.92
Chinstrap,0.5,5,logistic_regression,30544,276,249,68,55,28,27,0.199275,0.11245,f051618dd0f7fa37e816dbfa21c8bbcf562f22fef5197345e1915bc9f4ad771b,0.955882,0.935385,0.94715,122,28,99,1.0,0.846154,0.96
Chinstrap,0.5,5,knn,30544,276,249,68,55,28,27,0.199275,0.11245,f051618dd0f7fa37e816dbfa21c8bbcf562f22fef5197345e1915bc9f4ad771b,0.955882,0.947692,0.948486,122,28,99,1.0,0.923077,0.92
Chinstrap,0.25,5,logistic_regression,30545,276,235,68,55,14,41,0.199275,0.059574,8137f6afa0a3bafa1bc16d5656ba5e772acdf50af5013f2f8c6fde8695d975f2,0.941176,0.909744,0.926161,122,14,99,1.0,0.769231,0.96
Chinstrap,0.25,5,knn,30545,276,235,68,55,14,41,0.199275,0.059574,8137f6afa0a3bafa1bc16d5656ba5e772acdf50af5013f2f8c6fde8695d975f2,0.970588,0.961026,0.967869,122,14,99,1.0,0.923077,0.96
